fold,scenario,method,auroc,brier,cal_slope,cal_int,mi_sd_median,mi_sd_p90
0,as-collected,Mean imputation,0.8286034255599473,0.0916997185424802,0.859367046833644,-0.108667050558785,,
0,as-collected,Single MICE,0.8278524374176547,0.0919008075984936,0.8534069152756336,-0.1217316168980001,,
0,as-collected,Mean + missingness indicators,0.8291040843214756,0.0936680859187558,0.8279621017405752,-0.1268037875684114,,
0,as-collected,"GBM, native missing handling",0.8489591567852438,0.0924608343193636,0.7790966790897054,0.3286066746621072,,
0,as-collected,"MI (m=5), averaged risk",0.822437417654809,0.0930100558212156,0.8660135402766215,-0.0977581654222444,0.0126735061724946,0.0467253963916117
0,lactate unavailable at deployment,Mean imputation,0.8255599472990778,0.0927751518178859,0.8849119212179852,-0.0613870937111666,,
0,lactate unavailable at deployment,Single MICE,0.8269301712779974,0.0921330954278244,0.866943207391429,-0.0866453640999062,,
0,lactate unavailable at deployment,Mean + missingness indicators,0.8260606060606059,0.09429993311781,0.85892098581207,0.0174335320559879,,
0,lactate unavailable at deployment,"GBM, native missing handling",0.8476416337285902,0.0934562938203736,0.7958318616837333,0.4349309406614998,,
0,lactate unavailable at deployment,"MI (m=5), averaged risk",0.8235836627140976,0.0931515858375212,0.88736110432702,-0.0692814367084066,0.015082540752924,0.0525996716316602
1,as-collected,Mean imputation,0.8424011820238235,0.0922465598675558,0.9373670182117392,0.0632315239800036,,
1,as-collected,Single MICE,0.8481805462937538,0.091467617099573,0.9656319408113556,0.0809907304549597,,
1,as-collected,Mean + missingness indicators,0.8433687678970698,0.0926647272185669,0.9092009523215296,0.0653246618001468,,
1,as-collected,"GBM, native missing handling",0.858549405719217,0.0936990784085586,0.771514404633229,0.4624594882894339,,
1,as-collected,"MI (m=5), averaged risk",0.8495273212254345,0.0905804765131517,1.013676917969054,0.0590298210670763,0.0127511387582055,0.0471883002279732
1,lactate unavailable at deployment,Mean imputation,0.8396553302213678,0.0932206207997323,0.962566759120644,0.1057275993951245,,
1,lactate unavailable at deployment,Single MICE,0.8479582630526027,0.0922216032112809,0.9736773083361666,0.1181449694646592,,
1,lactate unavailable at deployment,Mean + missingness indicators,0.8397207076452359,0.0937165747285467,0.934328597293839,0.1385467623771816,,
1,lactate unavailable at deployment,"GBM, native missing handling",0.8646295061389402,0.0909271573155252,0.8191839154595284,0.3795544478961996,,
1,lactate unavailable at deployment,"MI (m=5), averaged risk",0.8481020933851122,0.0919740641514614,1.0218116321294206,0.0820216270376909,0.0142007146153367,0.0576320719042052
2,as-collected,Mean imputation,0.8309209063926046,0.0916646492818979,0.832624469710833,-0.0486369665381965,,
2,as-collected,Single MICE,0.8294303011284142,0.0923342406775822,0.8388722137393024,-0.0610006904593798,,
2,as-collected,Mean + missingness indicators,0.8285673191333569,0.0929216189012975,0.7925526354163092,-0.0498660102687055,,
2,as-collected,"GBM, native missing handling",0.8350266086115142,0.0935282160479103,0.7054359984398795,0.2606904374751713,,
2,as-collected,"MI (m=5), averaged risk",0.8290249611004328,0.0916505651193651,0.882480588070037,-0.0701332095330686,0.0138440535298107,0.0524851527377884
2,lactate unavailable at deployment,Mean imputation,0.8249977117901648,0.0929010228929986,0.8690316731599383,0.0242492627049779,,
2,lactate unavailable at deployment,Single MICE,0.826187580904562,0.0921720939973771,0.8548179421856568,-0.0068011103211789,,
2,lactate unavailable at deployment,Mean + missingness indicators,0.8211142928124061,0.0941456989624022,0.8297784389937997,0.1008602149413666,,
2,lactate unavailable at deployment,"GBM, native missing handling",0.8322807568090587,0.0955010996660022,0.7121770132984588,0.345691199389734,,
2,lactate unavailable at deployment,"MI (m=5), averaged risk",0.8264883170543548,0.0921704287060504,0.8988817492878913,-0.0256417063994715,0.0154451901468696,0.0580008119532034
3,as-collected,Mean imputation,0.8338498149818905,0.092825463022121,0.9090252778854812,0.1461523130613193,,
3,as-collected,Single MICE,0.8347389479464952,0.0923623317194446,0.9069985409459468,0.1484112571330352,,
3,as-collected,Mean + missingness indicators,0.8390277069522352,0.0916476232095483,0.9283776399426816,0.1528865772737572,,
3,as-collected,"GBM, native missing handling",0.8321500019613226,0.0964196121194262,0.6748971273142044,0.4789574620527571,,
3,as-collected,"MI (m=5), averaged risk",0.8345689666444384,0.0930777834657962,0.9116264105967709,0.1325828865924883,0.0119114610874946,0.047896477463659
3,lactate unavailable at deployment,Mean imputation,0.8334444749539089,0.094255403453771,0.9268158825127906,0.2554262350003523,,
3,lactate unavailable at deployment,Single MICE,0.8342290040403247,0.094114410930266,0.8947613227173239,0.245609081174684,,
3,lactate unavailable at deployment,Mean + missingness indicators,0.8366479687234405,0.0932695677581055,0.944852915119867,0.2699698987914827,,
3,lactate unavailable at deployment,"GBM, native missing handling",0.8321500019613226,0.0985917963832948,0.6646589823290248,0.5176072754382596,,
3,lactate unavailable at deployment,"MI (m=5), averaged risk",0.8294303011284143,0.0948266243110211,0.8915280774203603,0.213576914003452,0.0126428051791407,0.0534957070046897
4,as-collected,Mean imputation,0.830450188940755,0.0995779977988829,0.7827958707681771,-0.0578032936738255,,
4,as-collected,Single MICE,0.8300709998823207,0.0998608375875334,0.7910229436978065,-0.0604195789818336,,
4,as-collected,Mean + missingness indicators,0.8243047110971639,0.0998747121913226,0.7570922796346928,-0.0371332378012198,,
4,as-collected,"GBM, native missing handling",0.8468206958772996,0.0931273847328767,0.7317368721741151,0.2549720719603149,,
4,as-collected,"MI (m=5), averaged risk",0.8270244119300724,0.100741197719674,0.7990974110797214,-0.0645412243777402,0.0137784699213403,0.0523903636728378
4,lactate unavailable at deployment,Mean imputation,0.8212450476601421,0.1004777510115187,0.7917722751151028,0.0170102987434016,,
4,lactate unavailable at deployment,Single MICE,0.8268021286889212,0.0997283299707406,0.7994399373833534,-0.0022882135885742,,
4,lactate unavailable at deployment,Mean + missingness indicators,0.8152564756338341,0.1002498895656916,0.7697533560595747,0.1173803726432319,,
4,lactate unavailable at deployment,"GBM, native missing handling",0.8439702401966553,0.0934670590380497,0.7425748833893749,0.2464499677239157,,
4,lactate unavailable at deployment,"MI (m=5), averaged risk",0.8191529700963662,0.1020711689169509,0.7897327862311596,-0.0175134687167714,0.0157854740690486,0.0610234669061678
5,as-collected,Mean imputation,0.8594729907773386,0.0899178124752975,0.8676420097413324,-0.184259300289163,,
5,as-collected,Single MICE,0.8610408432147563,0.0908652135497658,0.846125003217274,-0.1805627565674165,,
5,as-collected,Mean + missingness indicators,0.8591831357048748,0.0907451357855551,0.8348130492866753,-0.182096171484328,,
5,as-collected,"GBM, native missing handling",0.8750592885375494,0.0881635345632427,0.790589920308586,0.2310197639511807,,
5,as-collected,"MI (m=5), averaged risk",0.8595915678524374,0.0892967694536257,0.908371467776034,-0.1728477743818924,0.0140359217906727,0.0557655366092801
5,lactate unavailable at deployment,Mean imputation,0.8514229249011858,0.0905003624276141,0.88783696149769,-0.1248924772214837,,
5,lactate unavailable at deployment,Single MICE,0.8549934123847168,0.0915501066920071,0.8514312686177566,-0.1309707572214367,,
5,lactate unavailable at deployment,Mean + missingness indicators,0.8494993412384718,0.0911094205330473,0.85635193089909,-0.0671538698243938,,
5,lactate unavailable at deployment,"GBM, native missing handling",0.8743741765480897,0.0874657979163172,0.818106308797384,0.20035337384647,,
5,lactate unavailable at deployment,"MI (m=5), averaged risk",0.8517654808959157,0.0914820279764568,0.8894260367202381,-0.1185038466973656,0.0150858755511443,0.0598172950008852
6,as-collected,Mean imputation,0.8272728461407706,0.0945887040557487,0.9185555029169362,0.0660637628415993,,
6,as-collected,Single MICE,0.8294564520979616,0.0939397128335437,0.9174719066639828,0.0384126730806554,,
6,as-collected,Mean + missingness indicators,0.8291034140090744,0.0934856982232245,0.9211585189758158,0.0628168178279685,,
6,as-collected,"GBM, native missing handling",0.8306986231514534,0.0988550743856679,0.6697905002029427,0.3637727708539635,,
6,as-collected,"MI (m=5), averaged risk",0.8236509368584839,0.0950738840485033,0.921154082913002,0.0559253645495182,0.0122631101333171,0.0480395933310867
6,lactate unavailable at deployment,Mean imputation,0.824304711097164,0.0962549857774915,0.9190180187770172,0.1241153708423255,,
6,lactate unavailable at deployment,Single MICE,0.8301756037605094,0.0950786532901546,0.9068559567621184,0.0840507058524,,
6,lactate unavailable at deployment,Mean + missingness indicators,0.8261745054197884,0.095233945708359,0.9215267853918544,0.1694271645723227,,
6,lactate unavailable at deployment,"GBM, native missing handling",0.8302017547300566,0.0994615479099609,0.6726937937602987,0.3856075940185118,,
6,lactate unavailable at deployment,"MI (m=5), averaged risk",0.8258737692699957,0.0952651680698931,0.9351346586574414,0.08143496778276,0.0149392380380138,0.0543113714471587
7,as-collected,Mean imputation,0.8180023274362899,0.0970399529090164,0.8041370546514273,0.0500845504057418,,
7,as-collected,Single MICE,0.8175446854692139,0.0962771207849393,0.8170247250316406,0.0480300731090229,,
7,as-collected,Mean + missingness indicators,0.8147596072124375,0.0984116920352181,0.7690380710308176,0.0866868873099678,,
7,as-collected,"GBM, native missing handling",0.8445586370114672,0.0939830648071057,0.7351065574377357,0.2783607545041501,,
7,as-collected,"MI (m=5), averaged risk",0.8118045476536043,0.0970666509301823,0.8355992834518734,0.0421508567196501,0.0120942791223099,0.050851942673736
7,lactate unavailable at deployment,Mean imputation,0.8127982844963977,0.0986228022966198,0.7993664174457243,0.084388896196436,,
7,lactate unavailable at deployment,Single MICE,0.8129682657984544,0.0977216319987847,0.8017416886827434,0.08268394395201,,
7,lactate unavailable at deployment,Mean + missingness indicators,0.8085618274297519,0.1001227788530516,0.7652491945152757,0.2000636936615303,,
7,lactate unavailable at deployment,"GBM, native missing handling",0.8431857111102394,0.0959997966669721,0.7331761501158872,0.2972552632017338,,
7,lactate unavailable at deployment,"MI (m=5), averaged risk",0.8086402803383935,0.0981071543242555,0.8295013790582891,0.0610065416067446,0.0145300752378177,0.0528624618767622
8,as-collected,Mean imputation,0.83926306567816,0.0925312894419625,0.7704147134634025,-0.0996286436713342,,
8,as-collected,Single MICE,0.8397076321604624,0.0919999751023713,0.8228048915381634,-0.0985839384892527,,
8,as-collected,Mean + missingness indicators,0.8392892166477072,0.0929086928865307,0.7492094042966698,-0.1036311019747475,,
8,as-collected,"GBM, native missing handling",0.8566926868813662,0.0915929820130431,0.7673851469538657,0.2925378807491014,,
8,as-collected,"MI (m=5), averaged risk",0.8387661972567634,0.0923166450417559,0.8436614491134837,-0.0973466214884963,0.013220711029755,0.0516266945815189
8,lactate unavailable at deployment,Mean imputation,0.833052210410701,0.0934064277386126,0.8200765035807501,-0.0147036594880141,,
8,lactate unavailable at deployment,Single MICE,0.8349743066724199,0.0936119889246006,0.807391664473715,-0.0368296459244601,,
8,lactate unavailable at deployment,Mean + missingness indicators,0.8347912498855895,0.0935139604853303,0.8084032733153236,0.0820923907981287,,
8,lactate unavailable at deployment,"GBM, native missing handling",0.8511486813373605,0.0935922648266333,0.7612275869328092,0.3301681467139762,,
8,lactate unavailable at deployment,"MI (m=5), averaged risk",0.8362295532106854,0.0936778188918909,0.8509627894579835,-0.0573260738158537,0.0152360351783497,0.0626599185173233
9,as-collected,Mean imputation,0.8356280809110999,0.0959513220179381,0.9772198201582296,0.1652209859751356,,
9,as-collected,Single MICE,0.8360334209390814,0.0957208330411326,0.9830113503226988,0.1632927747993749,,
9,as-collected,Mean + missingness indicators,0.8326730213522667,0.0974368647283773,0.9480801648759456,0.1651574757446555,,
9,as-collected,"GBM, native missing handling",0.8459969403365629,0.0942608871374246,0.7744747321911152,0.4632504369050724,,
9,as-collected,"MI (m=5), averaged risk",0.8372102145687051,0.0961417988438044,0.9897334537676334,0.1455510413523396,0.0126665565389955,0.0477357860088359
9,lactate unavailable at deployment,Mean imputation,0.8370271577818749,0.0955556940209787,1.03924724254059,0.2484178770282448,,
9,lactate unavailable at deployment,Single MICE,0.8382824043201401,0.0950976781674273,1.0161885599885985,0.2421129378403275,,
9,lactate unavailable at deployment,Mean + missingness indicators,0.8336275317407393,0.0970412974055688,1.0032935901901558,0.2442843485086537,,
9,lactate unavailable at deployment,"GBM, native missing handling",0.848075942415565,0.0941225038820602,0.7842184279766743,0.4333329319113224,,
9,lactate unavailable at deployment,"MI (m=5), averaged risk",0.8389623295283671,0.0952512194406058,1.0429171584126544,0.2208255236903217,0.0158335171326202,0.0590586950657293
10,as-collected,Mean imputation,0.8411989459815546,0.0940653530725078,0.92324006789307,0.0235237277342206,,
10,as-collected,Single MICE,0.8471277997364953,0.0936527165615322,0.9430357385842092,0.0092459973342419,,
10,as-collected,Mean + missingness indicators,0.8364690382081686,0.0944919930834922,0.8936920817082462,0.0227333374266168,,
10,as-collected,"GBM, native missing handling",0.8478787878787878,0.0971501977901655,0.7264986249261224,0.3572295121928667,,
10,as-collected,"MI (m=5), averaged risk",0.8434123847167325,0.0937060058738535,0.9442561388305064,0.0037848903771109,0.0130588154008264,0.0510532423664689
10,lactate unavailable at deployment,Mean imputation,0.837140974967062,0.0944804384571424,0.9671479960067904,0.0426375956393154,,
10,lactate unavailable at deployment,Single MICE,0.8445454545454546,0.0936772468788028,0.9641665265202294,0.0141608557053152,,
10,lactate unavailable at deployment,Mean + missingness indicators,0.8320816864295125,0.094580653750806,0.9373303685492748,0.0594944150716876,,
10,lactate unavailable at deployment,"GBM, native missing handling",0.8453886693017127,0.0969757031595429,0.7225875460051069,0.2788425177274983,,
10,lactate unavailable at deployment,"MI (m=5), averaged risk",0.842239789196311,0.0938086974596661,0.966132200266181,-0.0073678066977826,0.0151113464126643,0.063427968545253
11,as-collected,Mean imputation,0.8454608454608454,0.087638647299856,0.9371713683071212,-0.1251518768387986,,
11,as-collected,Single MICE,0.846389204879771,0.0877516968964789,0.9376019142742098,-0.1220655936722438,,
11,as-collected,Mean + missingness indicators,0.8362949306345533,0.0895791146849471,0.8622023103276538,-0.140811641612841,,
11,as-collected,"GBM, native missing handling",0.8559866107035918,0.0907457639344225,0.7800054179882667,0.2422266555856231,,
11,as-collected,"MI (m=5), averaged risk",0.8467030165143372,0.0875524211878997,0.978458420306797,-0.1073014310519959,0.0133088175816891,0.0502836629788726
11,lactate unavailable at deployment,Mean imputation,0.8420612194197099,0.0883404147317375,0.9579755747903425,-0.0161908122483572,,
11,lactate unavailable at deployment,Single MICE,0.844401731194184,0.0878687113602305,0.9447520990526176,-0.0211104141739326,,
11,lactate unavailable at deployment,Mean + missingness indicators,0.8338498149818904,0.0897521497925887,0.8956569043885384,0.077041396458055,,
11,lactate unavailable at deployment,"GBM, native missing handling",0.8562481203990638,0.0924654435666788,0.7796161431808599,0.3484366383990828,,
11,lactate unavailable at deployment,"MI (m=5), averaged risk",0.8436433530773153,0.0882169639937537,0.9843415656503268,-0.0243083563662065,0.0145273409010556,0.054706643605359
12,as-collected,Mean imputation,0.8283319604074321,0.0966009807032166,0.8569575898020618,0.0704407756407334,,
12,as-collected,Single MICE,0.8298356411563959,0.0960292945324767,0.876842835210367,0.0815660692783161,,
12,as-collected,Mean + missingness indicators,0.819296800428876,0.0997371824420734,0.7963324683832611,0.0472259907447697,,
12,as-collected,"GBM, native missing handling",0.8392107637390656,0.0960611162766325,0.7073688495681479,0.4051442676139112,,
12,as-collected,"MI (m=5), averaged risk",0.8224872187136338,0.0968856721141076,0.8751904185004009,0.0742005465098523,0.0129100327779679,0.0477995460032524
12,lactate unavailable at deployment,Mean imputation,0.8271943932321292,0.0971712064615844,0.8629080771805859,0.0985621608350775,,
12,lactate unavailable at deployment,Single MICE,0.8265275435086755,0.0972779354729451,0.8556481012914046,0.0966623518478499,,
12,lactate unavailable at deployment,Mean + missingness indicators,0.8152564756338341,0.1004397224595952,0.7953031327012544,0.1275646082004435,,
12,lactate unavailable at deployment,"GBM, native missing handling",0.8351181370049295,0.0963268780148986,0.7070022173849804,0.4147893323465705,,
12,lactate unavailable at deployment,"MI (m=5), averaged risk",0.8240301259169184,0.0971844409651429,0.8803432353851104,0.0802442446008841,0.0136171478182967,0.0547024014541892
13,as-collected,Mean imputation,0.8453823925522039,0.0923383401991718,0.7981974797515191,-0.0406165924988893,,
13,as-collected,Single MICE,0.8514755684567005,0.0924637397887361,0.8158354210435572,-0.0399580336473509,,
13,as-collected,Mean + missingness indicators,0.8496319251036233,0.0920658890419954,0.794043365237908,-0.060843222139665,,
13,as-collected,"GBM, native missing handling",0.8606153323134456,0.0891284074908127,0.7604416534991654,0.3208831103048457,,
13,as-collected,"MI (m=5), averaged risk",0.85260006014723,0.09105996647174,0.8586661273593962,-0.0545995554991097,0.0121542135570392,0.0502620075824383
13,lactate unavailable at deployment,Mean imputation,0.8364256854822892,0.0937201566966247,0.8218160617032277,0.0572788471151488,,
13,lactate unavailable at deployment,Single MICE,0.8471998849357341,0.0928973329933547,0.8322484502119185,0.0536411664162245,,
13,lactate unavailable at deployment,Mean + missingness indicators,0.8442840518312217,0.0931624969192674,0.8341833132314636,0.1609053758590505,,
13,lactate unavailable at deployment,"GBM, native missing handling",0.8610075968566535,0.0901300068471112,0.7868417065595251,0.4528744670458929,,
13,lactate unavailable at deployment,"MI (m=5), averaged risk",0.8475529230246212,0.0921676588431915,0.8618838648873463,0.0138588274169619,0.0135103920874515,0.0578820642673241
14,as-collected,Mean imputation,0.8016710469540659,0.100382499389089,0.7706052708750706,0.1234958213731203,,
14,as-collected,Single MICE,0.8001935171746493,0.1012388274217567,0.7842959697753972,0.1077526102803562,,
14,as-collected,Mean + missingness indicators,0.8065220518050706,0.099526697935934,0.7720600331772619,0.1460292510142178,,
14,as-collected,"GBM, native missing handling",0.8121837367120386,0.1041519655021255,0.6401780968471532,0.500320428905733,,
14,as-collected,"MI (m=5), averaged risk",0.8028870670380104,0.1004819539610255,0.8218588650244355,0.0974017357773958,0.0144937131177979,0.0546087311092076
14,lactate unavailable at deployment,Mean imputation,0.7992651577557238,0.1017580225068154,0.8044859606873028,0.1920013311669133,,
14,lactate unavailable at deployment,Single MICE,0.8010172727153859,0.1016309062185124,0.800992986887972,0.1764381668876207,,
14,lactate unavailable at deployment,Mean + missingness indicators,0.8037892754873888,0.1012195689425048,0.8082472186051752,0.2287120079334002,,
14,lactate unavailable at deployment,"GBM, native missing handling",0.8178454216190065,0.103697248743745,0.6672495096678807,0.4557207330049403,,
14,lactate unavailable at deployment,"MI (m=5), averaged risk",0.8074504112239961,0.1004017193451632,0.855147098042952,0.1438435597994219,0.0172452815109694,0.0619533084388149
