scenario,method,auroc,auroc_sd,brier,cal_slope,cal_int,mi_sd_median,mi_sd_p90
as-collected,Mean imputation,0.8338606680132521,0.01334151051369754,0.0939379526717828,0.8630213707313364,0.0028966491295254497,,
as-collected,Single MICE,0.8352718665302751,0.014885919614481298,0.09385766434635734,0.8733321540087696,-0.0004413348830343389,,
as-collected,Mean + missingness indicators,0.8325063820338635,0.013395385131978958,0.09461104855245592,0.8370543384237362,0.003178388419478795,,
as-collected,"GBM, native missing handling",0.8460258184146617,0.015072762901206783,0.09422187463525188,0.7343013721049491,0.3493621144004155,,
as-collected,"MI (m=5), averaged risk",0.8334464193250084,0.01564814014465286,0.09390945643771337,0.8966563050023845,-0.003593389253941065,0.013010986701314427,0.050314162249237834
lactate unavailable at deployment,Mean imputation,0.8297063487645933,0.012709429559042633,0.0948960307394085,0.8876651550224322,0.06884276213321973,,
lactate unavailable at deployment,Single MICE,0.8331462018533389,0.014144877082881138,0.09445211503562058,0.8780704680335335,0.05525724492077349,,
lactate unavailable at deployment,Mean + missingness indicators,0.8280477207302473,0.0131243886960075,0.09545717726551167,0.8642120003377705,0.12844148746987527,,
lactate unavailable at deployment,"GBM, native missing handling",0.845551090010483,0.014798717789626884,0.09481203985047772,0.7444764031027684,0.36810765528837386,,
lactate unavailable at deployment,"MI (m=5), averaged risk",0.8315430240040577,0.013932921140373195,0.09465044941553497,0.9056736890622916,0.03845796736909195,0.014852864975446854,0.05760892384124835
