case,method,bias,rel_bias_pct,emp_se,mod_se,coverage,ci_width,rmse,mean_lac_bias,mean_lac_cov,reps
A,Complete-case,-0.0009117277641699,-0.1519546273616538,0.0703543434620565,0.0730847559403437,0.96,0.2864873256780872,0.0701841593471995,-0.001559579229252,0.965,200.0
A,Mean imputation,-0.000395545445944,-0.0659242409906668,0.0662079185338107,0.0686522687041499,0.955,0.2691122739581916,0.0660433758252607,-0.001559579229252,0.96,200.0
A,KNN (k=5),0.0192091796786973,3.201529946449566,0.0684631381393566,0.0688563884508828,0.94,0.2699124096309077,0.0709419330255222,-0.001608954914237,0.965,200.0
A,MissForest (single),0.0203186406879631,3.386440114660531,0.0675813908475222,0.0689743204362069,0.955,0.2703746950781627,0.0704077788766815,-0.001711784016829,0.97,200.0
A,MI without outcome,0.0072771082616908,1.2128513769484688,0.0639738139844148,0.0688496646071152,0.965,0.2699484889217473,0.0642272678539755,-0.0018596390603396,0.975,200.0
A,MI with outcome,0.0018522143930984,0.3087023988497436,0.0661959853318404,0.0689174962993607,0.955,0.2702174083185409,0.0660562610949255,-0.0018579226060796,0.975,200.0
B,Complete-case,-0.1512933932193711,-25.215565536561854,0.0947707008679938,0.0927929602122664,0.63,0.3637421603304643,0.1783991848247266,0.3232043783645987,0.0,200.0
B,Mean imputation,-0.0649241160052066,-10.820686000867775,0.1010978794312688,0.0898978393283809,0.835,0.3523934812678135,0.1199367256449391,0.3232043783645987,0.0,200.0
B,KNN (k=5),0.1805348827312233,30.08914712187055,0.1041345369567897,0.0785940613114486,0.375,0.3080834320316489,0.208284962637838,0.0697741600645593,0.15,200.0
B,MissForest (single),0.1739977725473871,28.999628757897856,0.0938900562104048,0.0771837600147208,0.435,0.3025551458425333,0.1976018491648528,0.036649750483064,0.48,200.0
B,MI without outcome,0.0079197140386205,1.3199523397700956,0.0649248035036762,0.074815516869864,0.985,0.2947748119104242,0.0652447379479337,0.0056688319343212,0.905,200.0
B,MI with outcome,-0.0071929345880862,-1.1988224313477052,0.0772904675478436,0.0749799051013929,0.935,0.2954909639142906,0.0774318125829683,0.0047939580810127,0.91,200.0
B,MI without auxiliary,-0.1549939479811087,-25.83232466351813,0.0858007780925454,0.0805803306234122,0.555,0.3191004764745013,0.1770539142872882,0.2720064882534722,0.0,200.0
D,Complete-case,-0.0096251413724101,-1.6041902287350178,0.1163118037669816,0.109888502395064,0.92,0.4307555353900238,0.1164192289249936,0.4355157308599539,0.0,200.0
D,Mean imputation,0.0166836173929044,2.780602898817412,0.1019720100640273,0.0953683271392671,0.945,0.3738374253972106,0.1030759063585105,0.435515730859954,0.0,200.0
D,KNN (k=5),0.2396866696402904,39.947778273381736,0.1219718614389557,0.0875043943765194,0.235,0.3430113381027432,0.2687981564505665,0.3003491162131944,0.0,200.0
D,MissForest (single),0.2479883552458537,41.33139254097562,0.1076945120925362,0.0872597180981352,0.21,0.342052223554856,0.2702560669674577,0.2842646954771982,0.0,200.0
D,MI without outcome,0.0440211971799974,7.336866196666238,0.0719450876814586,0.0839675325212837,0.975,0.331186432297641,0.0841907415601354,0.2741324183704192,0.0,200.0
D,MI with outcome,0.0246537670378572,4.108961172976211,0.0900906452394668,0.0842584592447084,0.935,0.332422427992469,0.0931855727407525,0.2737254288014629,0.0,200.0
D,MI without auxiliary,-0.0327485139710098,-5.458085661834978,0.0997549118205449,0.0882154978022431,0.87,0.3496320401957693,0.1047556794998367,0.3924222900769268,0.0,200.0
D,Missingness indicator,-0.0323008868401134,-5.383481140018909,0.0950816640960845,0.0921498841868171,0.91,0.3612213455809558,0.1001931510818083,,,200.0
D,MI delta=-0.25,0.0280752318786892,4.679205313114869,0.0859987922464065,0.0813987257611036,0.93,0.3209557561847866,0.0902609104293966,0.1670073038014629,0.0,200.0
D,MI delta=-0.5,0.0090179273621346,1.5029878936891157,0.0802454183951228,0.0771561303371409,0.93,0.3040079786939442,0.080550937619931,0.0602891788014629,0.28,200.0
D,MI delta=-0.75,-0.0250623677820954,-4.177061297015912,0.073811706369658,0.0721673378283246,0.905,0.2841343608155984,0.0777756352340476,-0.046428946198537,0.535,200.0
D,MI delta=-1.0,-0.0669195051475205,-11.153250857920092,0.0674251651671424,0.0669537829314179,0.845,0.2634143330791771,0.0948769851044835,-0.153147071198537,0.0,200.0
